{"accuracy": [0.5625, 0.635937511920929, 0.765625, 0.846875011920929, 0.8984375, 0.9078124761581421, 0.9234374761581421, 0.942187488079071, 0.9593750238418579, 0.9703124761581421, 0.9781249761581421, 0.984375, 0.9921875, 0.995312511920929, 0.9921875, 0.996874988079071, 0.9921875, 0.9828125238418579, 0.9984375238418579, 0.996874988079071, 0.995312511920929], "loss": [0.8460497856140137, 0.6510308980941772, 0.5118964314460754, 0.3968850076198578, 0.2922263443470001, 0.23134168982505798, 0.18587437272071838, 0.17197582125663757, 0.12439815700054169, 0.09638848900794983, 0.08051995187997818, 0.06199268624186516, 0.045724056661129, 0.0373971052467823, 0.029990965500473976, 0.026401778683066368, 0.03613162413239479, 0.04168695956468582, 0.017892245203256607, 0.018082408234477043, 0.016165776178240776], "val_accuracy": [0.5062500238418579, 0.8812500238418579, 0.84375, 0.887499988079071, 0.893750011920929, 0.893750011920929, 0.9312499761581421, 0.949999988079071, 0.9750000238418579, 0.981249988079071, 0.96875, 0.981249988079071, 0.9937499761581421, 0.987500011920929, 0.9937499761581421, 0.987500011920929, 0.9937499761581421, 0.9937499761581421, 0.9937499761581421, 0.987500011920929, 0.9937499761581421], "val_loss": [0.6406114101409912, 0.5167100429534912, 0.43146786093711853, 0.2818136513233185, 0.2611037492752075, 0.1958235651254654, 0.16654671728610992, 0.1429123878479004, 0.09764472395181656, 0.07571372389793396, 0.08695991337299347, 0.0720338374376297, 0.039004240185022354, 0.05117833614349365, 0.03344949707388878, 0.050990283489227295, 0.028089558705687523, 0.034421518445014954, 0.020809216424822807, 0.038269758224487305, 0.027474870905280113]}